paciente_id,via_clinica_origen,categoria_riesgo,escenario_previo,costo_clp
P00275,AMARILLA,MEDIO,C_digital,10380
P00296,AMARILLA,BAJO,ninguna,10380
P00261,AMARILLA,BAJO,ninguna,10380
P00140,AMARILLA,ALTO,C_digital,10380
P00243,AMARILLA,MEDIO,C_digital,10380
P00395,AMARILLA,MEDIO,C_digital,10380
P00428,AMARILLA,MEDIO,C_digital,10380
P00320,AMARILLA,MEDIO,C_digital,10380
P00276,AMARILLA,ALTO,C_digital,10380
P00337,AMARILLA,ALTO,C_digital,10380
P00362,AMARILLA,MEDIO,C_digital,10380
P00099,AMARILLA,MEDIO,C_digital,10380
P00341,AMARILLA,MEDIO,C_digital,10380
P00073,AMARILLA,MEDIO,C_digital,10380
P00442,AMARILLA,BAJO,ninguna,10380
P00241,AMARILLA,MEDIO,C_digital,10380
P00011,AMARILLA,ALTO,C_digital,10380
P00256,AMARILLA,MEDIO,C_digital,10380
P00288,AMARILLA,MEDIO,C_digital,10380
P00290,AMARILLA,ALTO,C_digital,10380
P00444,AMARILLA,MEDIO,C_digital,10380
P00289,AMARILLA,BAJO,ninguna,10380
P00497,AMARILLA,BAJO,ninguna,10380
P00257,AMARILLA,MEDIO,C_digital,10380
P00316,AMARILLA,MEDIO,C_digital,10380
P00098,AMARILLA,MEDIO,C_digital,10380
P00150,AMARILLA,ALTO,C_digital,10380
P00220,AMARILLA,MEDIO,C_digital,10380
P00013,AMARILLA,MEDIO,C_digital,10380
P00423,AMARILLA,MEDIO,C_digital,10380
P00034,AMARILLA,BAJO,ninguna,10380
P00441,AMARILLA,MEDIO,C_digital,10380
P00266,AMARILLA,BAJO,ninguna,10380
P00306,AMARILLA,MEDIO,C_digital,10380
P00425,AMARILLA,BAJO,ninguna,10380
P00000,AMARILLA,MEDIO,C_digital,10380
P00449,AMARILLA,MEDIO,C_digital,10380
P00340,AMARILLA,MEDIO,C_digital,10380
P00110,AMARILLA,ALTO,C_digital,10380
P00469,AMARILLA,MEDIO,C_digital,10380
P00041,AMARILLA,MEDIO,C_digital,10380
P00010,AMARILLA,MEDIO,C_digital,10380
P00159,AMARILLA,MEDIO,C_digital,10380
P00207,AMARILLA,MEDIO,C_digital,10380
P00411,AMARILLA,MEDIO,C_digital,10380
P00168,AMARILLA,MEDIO,C_digital,10380
P00031,AMARILLA,ALTO,C_digital,10380
P00175,AMARILLA,MEDIO,C_digital,10380
P00186,AMARILLA,MEDIO,C_digital,10380
P00174,AMARILLA,MEDIO,C_digital,10380
P00382,AMARILLA,BAJO,ninguna,10380
P00378,AMARILLA,ALTO,C_digital,10380
P00053,AMARILLA,MEDIO,C_digital,10380
P00131,AMARILLA,BAJO,ninguna,10380
P00169,AMARILLA,MEDIO,C_digital,10380
P00194,AMARILLA,MEDIO,C_digital,10380
P00068,AMARILLA,MEDIO,C_digital,10380
P00475,AMARILLA,ALTO,C_digital,10380
P00125,AMARILLA,ALTO,C_digital,10380
P00136,AMARILLA,MEDIO,C_digital,10380
P00276,AMARILLA,ALTO,C_digital,10380
P00187,AMARILLA,BAJO,ninguna,10380
P00199,AMARILLA,MEDIO,C_digital,10380
P00308,AMARILLA,MEDIO,C_digital,10380
P00183,AMARILLA,MEDIO,C_digital,10380
P00150,AMARILLA,ALTO,C_digital,10380
P00399,AMARILLA,MEDIO,C_digital,10380
P00385,AMARILLA,MEDIO,C_digital,10380
P00356,AMARILLA,ALTO,C_digital,10380
P00116,AMARILLA,MEDIO,C_digital,10380
P00400,AMARILLA,MEDIO,C_digital,10380
P00184,AMARILLA,MEDIO,C_digital,10380
P00371,AMARILLA,MEDIO,C_digital,10380
P00401,AMARILLA,ALTO,C_digital,10380
P00179,AMARILLA,MEDIO,C_digital,10380
P00433,AMARILLA,MEDIO,C_digital,10380
P00404,AMARILLA,MEDIO,C_digital,10380
P00251,AMARILLA,MEDIO,C_digital,10380
P00420,AMARILLA,MEDIO,C_digital,10380
P00198,AMARILLA,MEDIO,C_digital,10380
P00278,AMARILLA,MEDIO,C_digital,10380
P00296,AMARILLA,MEDIO,C_digital,10380
P00160,AMARILLA,MEDIO,C_digital,10380
P00174,AMARILLA,MEDIO,C_digital,10380
P00208,AMARILLA,ALTO,C_digital,10380
P00067,AMARILLA,BAJO,ninguna,10380
P00058,AMARILLA,ALTO,C_digital,10380
P00448,AMARILLA,BAJO,ninguna,10380
P00245,AMARILLA,BAJO,ninguna,10380
P00368,AMARILLA,BAJO,ninguna,10380
P00019,AMARILLA,BAJO,ninguna,10380
P00392,AMARILLA,BAJO,ninguna,10380
P00043,AMARILLA,MEDIO,C_digital,10380
P00467,AMARILLA,MEDIO,C_digital,10380
P00342,AMARILLA,ALTO,C_digital,10380
P00340,AMARILLA,MEDIO,C_digital,10380
P00341,AMARILLA,MEDIO,C_digital,10380
P00412,AMARILLA,BAJO,ninguna,10380
P00119,AMARILLA,MEDIO,C_digital,10380
P00451,AMARILLA,MEDIO,C_digital,10380
P00454,AMARILLA,MEDIO,C_digital,10380
P00373,AMARILLA,MEDIO,C_digital,10380
P00317,AMARILLA,MEDIO,C_digital,10380
P00400,AMARILLA,MEDIO,C_digital,10380
P00294,AMARILLA,MEDIO,C_digital,10380
P00057,AMARILLA,MEDIO,C_digital,10380
P00478,AMARILLA,MEDIO,C_digital,10380
P00239,AMARILLA,MEDIO,C_digital,10380
P00265,AMARILLA,MEDIO,C_digital,10380
P00481,AMARILLA,MEDIO,C_digital,10380
P00436,AMARILLA,ALTO,C_digital,10380
P00476,AMARILLA,MEDIO,C_digital,10380
P00190,AMARILLA,BAJO,ninguna,10380
P00224,AMARILLA,MEDIO,C_digital,10380
P00390,AMARILLA,MEDIO,C_digital,10380
P00147,AMARILLA,BAJO,ninguna,10380
P00371,AMARILLA,ALTO,C_digital,10380
